category,subcategory,sale,profit
Accessories,Bike Racks,36240,22686
Accessories,Bike Stands,37206,23291
Accessories,Bottles and Cages,107745,67448
Accessories,Cleaners,13563,8490
Accessories,Fenders,87041,54488
Accessories,Helmets,205834,131036
Accessories,Hydration Packs,38218,23924
Accessories,Tires and Tubes,380827,238396
Bikes,Mountain Bikes,8583748,3930662
Bikes,Road Bikes,11287183,4368347
Bikes,Touring Bikes,3771565,1427160
Clothing,Caps,35882,12200
Clothing,Gloves,62261,36578
Clothing,Jerseys,158565,44956
Clothing,Shorts,66071,41360
Clothing,Socks,9556,5982
Clothing,Vests,33084,20710
