model,sale,profit
All-Purpose Bike Stand,37206,23291
Bike Wash,13563,8490
Classic Vest,33084,20710
Cycling Cap,35882,12200
Fender Set - Mountain,87041,54488
HL Mountain Tire,45675,28593
HL Road Tire,25917,16224
Half-Finger Gloves,62261,36578
Hitch Rack - 4-Bike,36240,22686
Hydration Pack,38218,23924
LL Mountain Tire,38984,24404
LL Road Tire,40917,25614
Long-Sleeve Logo Jersey,77148,26230
ML Mountain Tire,63549,39781
ML Road Tire,43058,26954
Mountain Bottle Cage,38062,23827
Mountain Tire Tube,28333,17736
Mountain-100,741623,324534
Mountain-200,7170946,3301096
Mountain-400-W,410138,186396
Mountain-500,261040,118635
Patch kit,13506,8455
Racing Socks,9556,5982
Road Bottle Cage,29928,18735
Road Tire Tube,17265,10808
Road-150,2905555,1142464
Road-250,4200817,1640671
Road-350-W,1549602,563435
Road-550-W,1358594,536123
Road-650,504749,206457
Road-750,767866,279196
Short-Sleeve Classic Jersey,81417,18726
Sport-100,205834,131036
Touring Tire,49950,31268
Touring Tire Tube,13673,8559
Touring-1000,2939558,1112329
Touring-2000,438561,165951
Touring-3000,393446,148880
Water Bottle,39755,24887
Women's Mountain Shorts,66071,41360
