month,sale,profit
2020-01,550911,222361
2020-02,475044,189616
2020-03,644930,259609
2020-04,627113,252370
2020-05,564092,228243
2020-06,620323,250925
2020-07,509533,206697
2020-08,570742,232614
2020-09,370207,151065
2020-10,433134,179653
2020-11,446772,183243
2020-12,592131,245206
2021-01,537202,225082
2021-02,593115,252107
2021-03,587867,249941
2021-04,592383,248957
2021-05,621314,266141
2021-06,623061,264691
2021-07,818742,344327
2021-08,854531,368002
2021-09,887720,380838
2021-10,866984,371502
2021-11,1007803,429097
2021-12,1333482,566399
2022-01,1160733,490488
2022-02,992428,421537
2022-03,1145784,487331
2022-04,1220247,514585
2022-05,1381718,584415
2022-06,1431074,604451
2022-07,358170,150274
2022-08,312974,132775
2022-09,297053,125122
2022-10,286830,122675
2022-11,296417,127583
2022-12,302022,127791
